Nombre,Marca,Cantidad,Precio
Bluetooth Speaker 71,Audio-Technica,17,31902
Microphone 80,JBL,9,30338
Wireless Headphones 65,Bang & Olufsen,68,4196
Headphones 12,Sony,86,16278
Speakers 1,Pioneer,84,13214
Soundbar 47,Bose,29,28523
Wireless Headphones 66,Audio-Technica,65,4423
Earbuds 12,Pioneer,50,9981
Wireless Headphones 0,JBL,57,20495
Speakers 10,Bang & Olufsen,55,20899
Wireless Headphones 83,Audio-Technica,17,6051
Earbuds 67,Shure,47,37053
Earbuds 24,Audio-Technica,52,25154
Microphone 26,Marshall,57,47396
Subwoofer 87,Bang & Olufsen,100,27526
Headphones 18,Beats,30,31209
Subwoofer 56,Sennheiser,66,48073
Microphone 48,Bang & Olufsen,87,10769
Bluetooth Speaker 96,Audio-Technica,11,20400
Soundbar 93,Pioneer,15,25342
Headphones 85,Beats,73,17619
Earbuds 90,JBL,87,6001
Soundbar 55,JBL,86,37417
Microphone 56,Audio-Technica,75,11726
Microphone 15,Marshall,50,35123
Bluetooth Speaker 78,Marshall,78,26328
Turntable 88,Marshall,34,33336
Soundbar 37,Marshall,84,20824
Amplifier 27,Sony,7,18691
Amplifier 52,Shure,61,32330
Headphones 66,Beats,6,23619
Amplifier 30,Beats,72,27771
Subwoofer 62,Sennheiser,19,21457
Earbuds 89,Shure,32,19993
Wireless Headphones 88,Sennheiser,21,21849
Headphones 93,Bose,38,10527
Subwoofer 80,Audio-Technica,52,14906
Bluetooth Speaker 64,Bang & Olufsen,9,41111
Soundbar 60,Audio-Technica,17,42358
Bluetooth Speaker 8,Bang & Olufsen,66,31277
Turntable 5,Audio-Technica,21,11365
Microphone 27,JBL,82,44541
Headphones 8,Shure,19,3182
Speakers 19,Bang & Olufsen,92,24521
Headphones 32,JBL,98,32711
Bluetooth Speaker 87,Sony,47,4609
Wireless Headphones 43,Sony,44,24936
Amplifier 29,JBL,51,3986
Bluetooth Speaker 75,Marshall,69,24734
Headphones 13,Sennheiser,46,44902
Wireless Headphones 37,Bose,63,38561
Speakers 98,Beats,32,37019
Subwoofer 83,Beats,18,34912
Microphone 70,Marshall,58,25866
Speakers 76,Pioneer,72,6272
Microphone 80,Sony,25,30479
Bluetooth Speaker 73,Sony,67,29729
Subwoofer 19,Pioneer,8,19027
Bluetooth Speaker 28,Shure,65,47287
Subwoofer 53,Beats,1,20512
Headphones 57,Marshall,73,43699
Speakers 18,JBL,74,17851
Subwoofer 66,Sony,68,17981
Subwoofer 24,Marshall,42,37858
Subwoofer 91,Bang & Olufsen,68,26252
Speakers 16,Audio-Technica,77,24426
Earbuds 17,Beats,6,20189
Microphone 52,Pioneer,54,33096
Earbuds 73,Bang & Olufsen,59,6512
Bluetooth Speaker 83,Bose,12,31685
Bluetooth Speaker 68,Bang & Olufsen,99,20182
Subwoofer 13,Sennheiser,68,26483
Bluetooth Speaker 21,Pioneer,31,6094
Headphones 52,Bose,11,48204
Microphone 4,JBL,31,26984
Soundbar 12,Bang & Olufsen,30,20740
Soundbar 47,Sennheiser,86,29401
Turntable 78,Beats,91,8720
Bluetooth Speaker 79,JBL,25,47321
Amplifier 47,Bose,64,41367
Microphone 46,Pioneer,11,11759
Turntable 59,Sony,42,26200
Bluetooth Speaker 51,Audio-Technica,22,39054
Wireless Headphones 81,Sony,23,33940
Headphones 75,Bose,59,7538
Bluetooth Speaker 49,Bang & Olufsen,51,29743
Headphones 22,Sennheiser,10,37589
Turntable 55,Marshall,64,46872
Amplifier 63,Shure,7,21665
Turntable 69,Sony,74,42647
Soundbar 57,Sennheiser,27,28283
Subwoofer 35,Pioneer,70,49215
Speakers 21,Audio-Technica,93,36281
Wireless Headphones 71,Audio-Technica,2,4594
Amplifier 27,Pioneer,62,47978
Wireless Headphones 99,Beats,62,26086
Microphone 36,Sennheiser,1,11994
Amplifier 21,Bang & Olufsen,64,48956
Speakers 4,Shure,60,48897
Amplifier 90,JBL,46,20734
Speakers 19,Bose,55,25333
Bluetooth Speaker 98,Pioneer,28,36846
Headphones 32,Bose,34,7061
Amplifier 60,JBL,41,43278
Microphone 34,Bose,8,16899
Turntable 1,Sony,76,13229
Microphone 84,Audio-Technica,53,21620
Subwoofer 84,Bose,61,3870
Speakers 56,Sennheiser,18,36923
Microphone 11,Bose,32,36866
Wireless Headphones 71,Sony,45,35660
Microphone 51,Bang & Olufsen,4,6217
Earbuds 20,Shure,97,43303
Amplifier 98,Sony,97,10012
Wireless Headphones 5,Marshall,28,45527
Bluetooth Speaker 20,Shure,77,33841
Turntable 4,Shure,72,7309
Turntable 66,Beats,3,5885
Soundbar 48,Marshall,91,37458
Turntable 74,Shure,60,23677
Wireless Headphones 66,Beats,61,20618
Amplifier 93,Marshall,18,14801
Turntable 28,Sony,45,36492
Microphone 22,Sennheiser,21,49331
Microphone 37,Bang & Olufsen,69,43353
Speakers 33,Sony,45,6079
Earbuds 7,Bang & Olufsen,61,30079
Soundbar 97,Sony,92,21280
Subwoofer 95,Shure,72,40893
Microphone 58,Sennheiser,56,49605
Earbuds 81,Sony,31,7195
Subwoofer 31,Bang & Olufsen,34,11293
Earbuds 75,Sony,65,15910
Turntable 63,Sony,60,39694
Subwoofer 87,Bang & Olufsen,58,14736
Microphone 63,Audio-Technica,84,49408
Turntable 70,Marshall,55,34714
Subwoofer 57,Audio-Technica,3,37408
Subwoofer 43,Bose,16,8876
Bluetooth Speaker 24,Bose,42,40416
Amplifier 84,Shure,100,42690
Subwoofer 83,Bang & Olufsen,31,7393
Wireless Headphones 99,Beats,79,30397
Wireless Headphones 81,Pioneer,20,6931
Microphone 80,Bose,26,14275
Microphone 17,Sony,92,5378
Turntable 3,Bose,28,13020
Microphone 4,JBL,4,9037
Speakers 20,Pioneer,28,20218
Bluetooth Speaker 75,Pioneer,32,44614
Headphones 28,Sony,75,42900
Soundbar 88,Audio-Technica,47,35485
Bluetooth Speaker 84,Sony,46,19628
Soundbar 90,Beats,18,17508
Headphones 60,Sony,19,33627
Soundbar 31,Sony,83,21054
Turntable 41,Audio-Technica,6,41268
Headphones 99,Sennheiser,64,4556
Turntable 72,Marshall,83,20077
Bluetooth Speaker 68,Shure,31,14870
Microphone 11,JBL,36,23953
Amplifier 28,Shure,83,17015
Speakers 46,Beats,70,40777
Soundbar 59,Sennheiser,46,23409
Bluetooth Speaker 4,Bang & Olufsen,69,49691
Speakers 69,Audio-Technica,97,5686
Subwoofer 60,Bose,7,16568
Bluetooth Speaker 65,Marshall,13,32082
Amplifier 64,Bang & Olufsen,100,43764
Amplifier 92,Audio-Technica,61,33738
Speakers 61,Bose,53,25009
Amplifier 15,Shure,99,29131
Turntable 42,Audio-Technica,81,47834
Wireless Headphones 64,Marshall,75,30528
Turntable 22,Sony,79,37817
Subwoofer 45,Sennheiser,47,44683
Turntable 17,Audio-Technica,75,10883
Bluetooth Speaker 92,Marshall,11,16291
Wireless Headphones 94,Shure,51,36723
Earbuds 29,Sennheiser,98,15031
Subwoofer 8,Beats,17,36307
Headphones 27,Sennheiser,77,40715
Amplifier 60,Beats,2,29529
Subwoofer 25,Sennheiser,44,14650
Turntable 22,Pioneer,28,13464
Speakers 69,Sennheiser,83,6402
Wireless Headphones 90,JBL,44,42832
Subwoofer 94,Audio-Technica,8,4860
Speakers 51,Shure,21,41045
Bluetooth Speaker 24,Marshall,30,35496
Turntable 59,Sennheiser,30,36003
Bluetooth Speaker 3,Bose,16,15645
Subwoofer 37,Bose,14,20533
Headphones 86,Shure,19,8545
Subwoofer 8,Marshall,26,27699
Turntable 78,Pioneer,58,27517
Earbuds 31,Pioneer,71,48213
Speakers 60,Shure,10,30159
Speakers 76,Audio-Technica,29,26960
Subwoofer 83,Shure,66,45091
Speakers 76,Sennheiser,28,43610
Amplifier 95,Bang & Olufsen,74,45057
Amplifier 11,Sennheiser,68,16990
Subwoofer 71,Bang & Olufsen,69,46857
Turntable 99,Sennheiser,93,29155
Speakers 35,Sony,32,29653
Speakers 26,Sennheiser,77,19559
Bluetooth Speaker 28,Bose,82,6279
Speakers 4,Marshall,83,3041
Turntable 32,Shure,50,35588
Soundbar 37,JBL,57,13427
Subwoofer 94,Shure,9,47619
Earbuds 79,Bose,57,44967
Bluetooth Speaker 30,Marshall,91,23594
Soundbar 89,Pioneer,24,17490
Subwoofer 85,Sennheiser,65,14174
Amplifier 65,Marshall,95,6024
Speakers 5,Audio-Technica,92,24644
Subwoofer 28,Marshall,73,22596
Bluetooth Speaker 83,Bang & Olufsen,20,13282
Bluetooth Speaker 85,Bang & Olufsen,100,39274
Turntable 30,JBL,75,43166
Wireless Headphones 48,Marshall,4,8636
Bluetooth Speaker 95,Sony,94,42565
Bluetooth Speaker 15,Bang & Olufsen,57,41667
Wireless Headphones 6,JBL,21,26922
Speakers 25,Marshall,78,29084
Amplifier 3,Bang & Olufsen,42,9117
Speakers 40,Marshall,27,42030
Bluetooth Speaker 71,Audio-Technica,15,17331
Amplifier 55,Sony,16,33320
Headphones 99,Bose,68,30740
Bluetooth Speaker 78,Shure,14,46477
Bluetooth Speaker 34,Bose,17,26721
Bluetooth Speaker 8,Sony,60,13230
Microphone 42,Bose,76,20831
Speakers 95,Audio-Technica,28,6110
Earbuds 76,Shure,42,11944
Earbuds 46,Marshall,97,32356
Soundbar 81,Pioneer,5,24969
Earbuds 54,Pioneer,74,41397
Bluetooth Speaker 1,Audio-Technica,72,5864
Wireless Headphones 32,Shure,17,22423
Soundbar 76,Bang & Olufsen,27,23265
Soundbar 26,Pioneer,49,45691
Bluetooth Speaker 79,Marshall,92,36455
Earbuds 27,Audio-Technica,46,3133
Bluetooth Speaker 61,Marshall,86,11285
Earbuds 52,Bose,42,18911
Turntable 39,Audio-Technica,67,26787
Earbuds 85,Beats,14,16328
Amplifier 82,Marshall,23,21978
Turntable 35,Sony,80,15585
Headphones 40,Marshall,55,42373
Soundbar 63,Sony,87,32529
Microphone 54,Bose,86,24867
Speakers 78,Sennheiser,38,43185
Earbuds 72,Sony,81,35809
Subwoofer 44,JBL,11,17524
Subwoofer 83,Bose,90,12466
Turntable 35,Pioneer,49,10972
Wireless Headphones 16,Marshall,44,5529
Earbuds 10,Pioneer,77,48023
Amplifier 39,Shure,70,19686
Earbuds 67,Bose,7,27506
Soundbar 20,Sony,55,31707
Headphones 24,Sony,50,11861
Wireless Headphones 73,Pioneer,64,25831
Bluetooth Speaker 34,Bang & Olufsen,26,10102
Speakers 91,Pioneer,17,11082
Speakers 17,Beats,75,17462
Soundbar 93,Marshall,99,44639
Subwoofer 24,Bose,53,38039
Headphones 58,Sennheiser,38,7928
Earbuds 4,Sony,52,15092
Turntable 23,JBL,59,22525
Turntable 97,Shure,82,20628
Wireless Headphones 40,Bang & Olufsen,43,42506
Speakers 42,Bang & Olufsen,22,18406
Soundbar 0,Sennheiser,20,49022
Headphones 83,Sony,9,29398
Bluetooth Speaker 46,Bang & Olufsen,46,21877
Earbuds 46,Audio-Technica,86,4316
Turntable 2,JBL,85,12632
Wireless Headphones 83,Sennheiser,20,39084
Soundbar 33,Marshall,11,4726
Amplifier 20,Bang & Olufsen,38,47879
Turntable 46,Bose,19,27508
Soundbar 43,Audio-Technica,92,41524
Subwoofer 41,Audio-Technica,14,32112
Wireless Headphones 14,Beats,53,17548
Amplifier 50,Bang & Olufsen,74,11789
Headphones 39,Audio-Technica,1,11768
Turntable 70,Bose,78,12247
Turntable 43,Bang & Olufsen,2,16195
Amplifier 54,Bang & Olufsen,93,39406
Earbuds 69,Sony,38,19015
Headphones 61,Marshall,25,34305
Subwoofer 40,Beats,50,42787
Speakers 28,JBL,46,13973
Speakers 7,JBL,51,38084
Earbuds 68,Beats,18,41852
Soundbar 73,Marshall,32,18490
Soundbar 22,Sony,56,21787
Amplifier 37,Audio-Technica,71,18727
Amplifier 39,Beats,40,33719
Wireless Headphones 81,Beats,66,37031
Headphones 43,Bang & Olufsen,52,7990
Amplifier 80,Marshall,90,28409
Earbuds 12,Sony,60,15845
Microphone 66,Sony,74,15980
Bluetooth Speaker 43,Beats,83,21457
Amplifier 22,Pioneer,29,13948
Headphones 55,Bang & Olufsen,86,18521
Amplifier 38,Sennheiser,86,33169
Earbuds 8,Bang & Olufsen,87,47154
Soundbar 95,JBL,14,48989
Earbuds 27,Sony,54,34718
Turntable 15,Marshall,13,13096
Amplifier 31,Sennheiser,18,29720
Amplifier 45,JBL,39,22232
Turntable 28,Pioneer,18,48286
Bluetooth Speaker 22,Sennheiser,96,20172
Subwoofer 92,Audio-Technica,11,12729
Microphone 8,Sony,98,3024
Wireless Headphones 29,Marshall,96,14156
Earbuds 43,Bang & Olufsen,1,20594
Earbuds 81,JBL,96,24936
Headphones 26,Pioneer,47,16956
Earbuds 31,Audio-Technica,40,33690
Soundbar 63,Shure,3,23284
Bluetooth Speaker 22,Sennheiser,40,46806
Amplifier 59,Bang & Olufsen,31,32463
Subwoofer 12,Marshall,36,23184
Earbuds 32,Sennheiser,51,40560
Speakers 70,JBL,45,11274
Subwoofer 61,Marshall,81,49722
Turntable 54,Pioneer,98,21691
Earbuds 14,Bang & Olufsen,94,45059
Microphone 92,Bose,96,48579
Microphone 54,Marshall,30,49590
Microphone 99,Audio-Technica,44,6268
Amplifier 79,Audio-Technica,9,34468
Bluetooth Speaker 36,JBL,22,8544
Turntable 10,Marshall,77,20382
Earbuds 78,Shure,63,6273
Turntable 74,Pioneer,14,27640
Microphone 76,Marshall,27,16252
Speakers 99,Sennheiser,81,27123
Earbuds 25,Pioneer,24,18677
Bluetooth Speaker 8,Bose,1,14780
Subwoofer 19,Bose,50,2338
Microphone 92,Marshall,4,43902
Speakers 70,Bang & Olufsen,27,25923
Amplifier 0,Shure,63,5139
Speakers 61,Marshall,67,7873
Earbuds 0,JBL,38,15364
Bluetooth Speaker 93,Sony,78,6229
Subwoofer 65,Bose,61,17936
Microphone 18,Bang & Olufsen,96,35694
Headphones 93,Marshall,95,29937
Subwoofer 95,Sennheiser,35,42630
Turntable 74,JBL,66,27375
Microphone 13,Audio-Technica,39,21143
Subwoofer 33,Audio-Technica,61,27510
Soundbar 41,Pioneer,20,27636
Speakers 67,Pioneer,68,31690
Soundbar 76,Marshall,98,35645
Microphone 8,Sennheiser,50,10673
Turntable 56,JBL,99,16293
Soundbar 7,Sony,77,6936
Headphones 89,Shure,46,21597
Bluetooth Speaker 55,JBL,38,31178
Speakers 65,Pioneer,30,6575
Turntable 13,Shure,67,18829
Wireless Headphones 49,Beats,82,29506
Speakers 41,Bose,41,42696
Headphones 94,Bose,20,25167
Microphone 44,Sony,45,42120
Speakers 54,Pioneer,18,46582
Headphones 21,Marshall,88,41727
Soundbar 51,Shure,46,35183
Wireless Headphones 34,Audio-Technica,64,27642
Soundbar 44,Shure,24,41547
Speakers 92,Sennheiser,50,23872
Headphones 39,JBL,42,20083
Soundbar 97,Sony,75,49976
Speakers 48,Beats,23,15243
Speakers 77,Shure,19,40388
Turntable 86,Bose,37,48534
Amplifier 39,Beats,75,49416
Turntable 24,Marshall,20,42575
Headphones 94,Bose,57,4787
Wireless Headphones 76,Shure,13,40069
Amplifier 52,Audio-Technica,83,21115
Microphone 43,Shure,99,3377
Amplifier 98,Audio-Technica,7,48970
Headphones 96,JBL,37,14221
Speakers 54,Shure,55,12041
Speakers 73,Bang & Olufsen,34,26954
Wireless Headphones 94,Marshall,14,48296
Headphones 64,Audio-Technica,28,48457
Subwoofer 0,Bose,11,49419
Subwoofer 35,JBL,25,39711
Headphones 17,Beats,70,7157
Soundbar 82,Beats,34,17076
Bluetooth Speaker 40,Beats,12,20130
Bluetooth Speaker 89,Marshall,42,29857
Speakers 57,Marshall,30,32167
Wireless Headphones 3,Bang & Olufsen,39,25030
Headphones 95,Sennheiser,72,25783
Headphones 81,Beats,77,47717
Headphones 95,JBL,77,17653
Soundbar 93,Sennheiser,55,21632
Soundbar 87,Sennheiser,88,42036
Soundbar 49,Sony,59,3555
Soundbar 9,Bang & Olufsen,90,30649
Speakers 74,Marshall,70,41439
Soundbar 21,JBL,75,22001
Amplifier 62,Sony,83,46849
Earbuds 80,Pioneer,70,38253
Microphone 8,Pioneer,91,31418
Bluetooth Speaker 88,Audio-Technica,5,4130
Turntable 75,Sennheiser,46,17854
Soundbar 85,Pioneer,85,5607
Soundbar 27,Bose,5,25577
Subwoofer 26,Sony,41,39645
Turntable 17,Bose,57,40807
Earbuds 58,Beats,95,45988
Turntable 46,JBL,35,6946
Headphones 41,Sony,68,47218
Speakers 40,Sennheiser,74,25636
Headphones 99,Pioneer,6,8826
Turntable 67,JBL,73,31084
Bluetooth Speaker 26,Sennheiser,35,21746
Soundbar 62,Bose,99,41136
Soundbar 2,Bang & Olufsen,54,24261
Earbuds 22,Sony,96,28594
Amplifier 47,Bose,97,25774
Soundbar 85,Sony,86,13519
Subwoofer 76,Bose,59,2375
Earbuds 22,Sony,18,19847
Turntable 88,Sony,98,9217
Turntable 75,Bang & Olufsen,94,20238
Turntable 93,Sony,42,46612
Bluetooth Speaker 82,JBL,59,25158
Earbuds 1,Marshall,84,41793
Wireless Headphones 71,Sony,100,36426
Amplifier 40,JBL,99,9726
Subwoofer 83,Pioneer,97,17158
Earbuds 58,Shure,72,16071
Bluetooth Speaker 51,Marshall,76,36221
Subwoofer 48,JBL,100,9881
Microphone 7,Pioneer,83,47270
Amplifier 23,Marshall,12,9054
Soundbar 60,Pioneer,38,48822
Soundbar 15,Bose,100,49365
Headphones 87,Pioneer,28,46043
Bluetooth Speaker 43,Audio-Technica,41,9076
Headphones 50,Shure,3,20342
Soundbar 4,Bang & Olufsen,14,19888
Microphone 65,Bose,2,36338
Speakers 60,Shure,3,11966
Wireless Headphones 57,Sony,57,3132
Subwoofer 52,Bose,45,6543
Amplifier 8,Bang & Olufsen,70,44286
Bluetooth Speaker 93,Sony,14,49301
Speakers 82,Bose,11,5452
Headphones 31,JBL,5,42658
Wireless Headphones 33,Sony,17,20483
Turntable 12,Bose,28,5081
Headphones 11,JBL,92,16190
Wireless Headphones 56,Bang & Olufsen,25,3974
Subwoofer 51,Beats,82,2086
Turntable 14,Audio-Technica,77,27979
Wireless Headphones 98,Beats,67,40023
Amplifier 88,Shure,88,9984
Turntable 40,Sony,78,7531
Wireless Headphones 66,Audio-Technica,32,28569
Turntable 8,Sony,55,23743
Wireless Headphones 59,Sony,41,45933
Speakers 99,Marshall,17,12164
Speakers 46,JBL,54,4371
Bluetooth Speaker 31,Marshall,12,17095
Amplifier 42,Sennheiser,47,23795
Headphones 95,JBL,10,42128
Wireless Headphones 22,Pioneer,73,6102
Headphones 70,Beats,21,45859
Earbuds 2,Sony,26,30963
Soundbar 89,Bang & Olufsen,98,24585
Wireless Headphones 31,Sennheiser,10,19955
Bluetooth Speaker 16,Shure,43,5695
Earbuds 41,Sennheiser,1,31447
Bluetooth Speaker 35,Sony,58,21949
Subwoofer 95,Shure,53,40482
Turntable 16,Shure,4,6304
Subwoofer 71,Sennheiser,80,32162
Earbuds 44,Bose,35,6516
Wireless Headphones 8,JBL,88,2681
Speakers 67,Beats,25,19574
Subwoofer 39,Bose,85,7707
Bluetooth Speaker 79,Sony,16,26237
Wireless Headphones 29,Marshall,19,22426
Headphones 89,Bang & Olufsen,97,21994
Wireless Headphones 72,Sennheiser,51,36283
Amplifier 89,Bose,38,22991
Bluetooth Speaker 78,Sennheiser,22,22548
Amplifier 55,Shure,54,32004
Earbuds 20,Sennheiser,32,18044
Soundbar 46,Audio-Technica,29,17685
Soundbar 48,Beats,80,40512
Subwoofer 86,Sennheiser,11,46156
Soundbar 60,Sennheiser,17,14465
Soundbar 6,Sony,55,47663
Wireless Headphones 93,JBL,40,3558
Speakers 81,Beats,36,15976
Speakers 66,Audio-Technica,24,29755
Bluetooth Speaker 20,Beats,78,44050
Wireless Headphones 19,Beats,87,28471
Bluetooth Speaker 77,Audio-Technica,79,2241
Headphones 52,Sennheiser,30,6682
Wireless Headphones 60,Bose,34,33355
Turntable 19,Bang & Olufsen,82,35377
Microphone 21,Beats,27,31033
Headphones 49,Bang & Olufsen,82,37374
Earbuds 26,Audio-Technica,52,12037
Amplifier 13,Bang & Olufsen,13,30386
Wireless Headphones 70,Audio-Technica,70,6686
Earbuds 26,Beats,74,36917
Amplifier 82,Shure,71,31824
Amplifier 39,Sennheiser,12,18415
Bluetooth Speaker 28,JBL,33,24233
Bluetooth Speaker 91,Marshall,56,19173
Soundbar 44,Audio-Technica,17,28662
Wireless Headphones 16,Audio-Technica,61,37739
Speakers 79,Sennheiser,52,24308
Subwoofer 13,Audio-Technica,82,45348
Bluetooth Speaker 13,Sennheiser,20,3006
Subwoofer 31,Shure,84,21385
Speakers 85,Bose,93,21225
Turntable 97,Audio-Technica,64,19578
Amplifier 40,Sony,59,32406
Earbuds 44,Pioneer,8,2142
Subwoofer 45,Bang & Olufsen,4,42771
Microphone 90,Beats,67,46627
Subwoofer 83,Bose,47,27689
Speakers 30,Pioneer,31,44883
Speakers 18,Shure,85,23863
Earbuds 95,Sony,3,39034
Bluetooth Speaker 54,Bang & Olufsen,9,40413
Earbuds 15,Audio-Technica,66,31704
Bluetooth Speaker 73,Marshall,19,25488
Subwoofer 4,Marshall,100,17640
Speakers 18,Sony,42,49281
Microphone 90,Pioneer,54,11041
Turntable 14,Marshall,37,13831
Soundbar 44,Bose,70,27475
Amplifier 67,Pioneer,47,23127
Headphones 44,Sennheiser,15,8938
Amplifier 34,Bang & Olufsen,48,6792
Speakers 92,Audio-Technica,99,24902
Turntable 40,Sony,72,2454
Turntable 39,Beats,35,14350
Bluetooth Speaker 90,Audio-Technica,71,29522
Bluetooth Speaker 71,Bose,72,17682
Microphone 0,Shure,49,40084
Amplifier 3,Marshall,6,39276
Bluetooth Speaker 71,Pioneer,38,36394
Microphone 41,Sony,37,6117
Amplifier 62,Beats,18,37632
Subwoofer 45,Sennheiser,41,12390
Speakers 10,Shure,38,29360
Subwoofer 10,Beats,37,15899
Subwoofer 34,Audio-Technica,8,5732
Speakers 22,JBL,25,5665
Subwoofer 75,Bang & Olufsen,51,36958
Microphone 37,Audio-Technica,85,24972
Soundbar 7,Sennheiser,88,47655
Turntable 69,Bose,43,19469
Microphone 42,Audio-Technica,33,2939
Earbuds 14,Sony,32,46763
Wireless Headphones 73,Sony,66,14887
Soundbar 27,JBL,78,20039
Subwoofer 31,Beats,53,26602
Turntable 6,Sennheiser,69,34894
Wireless Headphones 63,Marshall,24,31153
Amplifier 13,Pioneer,81,39057
Subwoofer 87,Sony,11,11483
Soundbar 37,Pioneer,85,39024
Turntable 15,Marshall,100,46570
Microphone 51,Pioneer,79,24565
Soundbar 52,Bose,9,45099
Wireless Headphones 85,Bang & Olufsen,76,18540
Microphone 30,Pioneer,47,31210
Headphones 71,Sony,5,10142
Soundbar 85,Sennheiser,51,45878
Amplifier 58,JBL,27,37009
Microphone 59,Pioneer,83,28856
Turntable 19,Audio-Technica,70,22665
Headphones 71,Pioneer,18,39308
Speakers 82,Beats,84,48163
Subwoofer 92,Pioneer,17,47590
Wireless Headphones 65,Bose,2,8005
Headphones 72,JBL,11,16531
Subwoofer 28,Shure,47,24535
Microphone 8,Bang & Olufsen,9,3616
Subwoofer 18,Marshall,9,27862
Soundbar 42,Pioneer,24,30372
Earbuds 73,Bang & Olufsen,21,25525
Bluetooth Speaker 9,Marshall,24,22902
Bluetooth Speaker 15,Pioneer,16,20029
Microphone 33,Beats,93,30241
Amplifier 31,Beats,10,8183
Wireless Headphones 93,Sony,94,10802
Headphones 41,Bang & Olufsen,87,12205
Earbuds 26,Shure,82,44870
Headphones 22,JBL,80,38744
Bluetooth Speaker 28,Shure,57,35660
Headphones 47,Pioneer,37,44771
Wireless Headphones 95,Sennheiser,95,21095
Turntable 20,Sony,3,31447
Headphones 37,Audio-Technica,89,9165
Headphones 85,Bose,69,24986
Subwoofer 44,Shure,6,7884
Bluetooth Speaker 50,Shure,69,38851
Headphones 89,Bang & Olufsen,99,21704
Amplifier 51,Pioneer,13,3516
Bluetooth Speaker 13,Audio-Technica,96,4119
Speakers 69,Audio-Technica,6,48157
Turntable 22,Pioneer,39,14174
Subwoofer 4,Bose,25,34238
Microphone 38,Bose,62,31984
Bluetooth Speaker 10,Sennheiser,36,6596
Headphones 5,Beats,45,48785
Bluetooth Speaker 6,Audio-Technica,23,13996
Turntable 20,Beats,74,34785
Amplifier 46,Shure,85,10230
Earbuds 74,Bang & Olufsen,92,49110
Turntable 56,Marshall,2,12212
Speakers 41,Shure,2,7926
Subwoofer 35,Marshall,55,13045
Turntable 82,Sony,89,2178
Wireless Headphones 83,JBL,29,41378
Soundbar 46,Sony,66,19572
Subwoofer 89,JBL,43,10427
Soundbar 27,Sennheiser,51,34539
Bluetooth Speaker 50,Sony,54,35945
Subwoofer 47,Shure,54,43641
Amplifier 64,Bose,9,42587
Turntable 89,Shure,68,44214
Amplifier 24,JBL,11,41890
Microphone 32,Bose,27,15404
Microphone 7,Sony,23,20776
Turntable 48,Pioneer,80,6598
Bluetooth Speaker 11,Bose,61,48652
Subwoofer 15,Beats,2,6653
Turntable 17,Pioneer,32,48313
Wireless Headphones 5,Bose,15,38730
Wireless Headphones 92,Sony,16,12708
Amplifier 69,Sony,96,13095
Subwoofer 4,Beats,53,39795
Earbuds 3,Audio-Technica,73,48642
Amplifier 98,Bose,40,22431
Headphones 29,Bang & Olufsen,6,33496
Subwoofer 35,Bose,100,26374
Bluetooth Speaker 82,Sony,53,34575
Turntable 97,Bose,51,47878
Subwoofer 6,Pioneer,69,11208
Wireless Headphones 86,Beats,41,22335
Soundbar 16,Bose,68,34626
Subwoofer 24,Marshall,79,17155
Bluetooth Speaker 96,Bose,18,41174
Headphones 9,Sennheiser,22,16452
Bluetooth Speaker 49,Shure,32,34569
Subwoofer 70,Beats,54,21733
Microphone 11,Marshall,34,42209
Wireless Headphones 77,Bose,42,29842
Speakers 17,JBL,48,16955
Headphones 62,Shure,5,44913
Soundbar 40,Sony,36,36930
Earbuds 21,JBL,13,7702
Microphone 73,Audio-Technica,79,30542
Turntable 5,Audio-Technica,74,18450
Bluetooth Speaker 20,Bang & Olufsen,1,16794
Amplifier 16,Audio-Technica,63,4573
Bluetooth Speaker 82,Marshall,85,19302
Speakers 62,Sony,44,28599
Earbuds 56,Audio-Technica,6,31155
Speakers 8,Marshall,47,16158
Headphones 5,Marshall,58,21622
Bluetooth Speaker 9,Sony,49,22322
Bluetooth Speaker 94,Audio-Technica,14,2398
Headphones 18,Marshall,60,16690
Wireless Headphones 75,Sony,78,48049
Earbuds 89,Sony,38,18207
Earbuds 55,Audio-Technica,71,44947
Speakers 24,Bose,96,40509
Headphones 86,Shure,47,22563
Speakers 89,Sony,67,44283
Amplifier 97,Pioneer,27,20901
Speakers 25,JBL,78,41336
Amplifier 63,Sony,90,23284
Amplifier 90,Sennheiser,76,21217
Bluetooth Speaker 40,Bang & Olufsen,23,21182
Speakers 73,Bose,74,37297
Subwoofer 95,Shure,12,7887
Bluetooth Speaker 7,Marshall,77,22466
Turntable 86,Audio-Technica,63,43662
Turntable 39,Bang & Olufsen,58,17206
Headphones 8,Audio-Technica,93,20296
Amplifier 80,Bose,54,47929
Earbuds 67,JBL,89,37922
Subwoofer 95,Bose,35,8767
Amplifier 0,Pioneer,68,33622
Wireless Headphones 13,Bose,32,23630
Subwoofer 52,JBL,12,20159
Bluetooth Speaker 31,Shure,22,27734
Soundbar 85,Pioneer,78,26951
Wireless Headphones 36,JBL,4,38713
Microphone 11,JBL,2,17434
Turntable 14,Beats,26,30629
Subwoofer 77,Marshall,37,13185
Turntable 19,Marshall,73,39000
Turntable 24,Beats,11,2326
Soundbar 0,Sennheiser,59,30854
Microphone 38,JBL,77,33644
Headphones 25,Shure,58,49387
Headphones 44,Audio-Technica,32,39907
Speakers 14,JBL,57,5303
Soundbar 90,Shure,33,26795
Subwoofer 30,Marshall,2,23808
Amplifier 26,Bose,31,12494
Turntable 94,Bang & Olufsen,7,16862
Wireless Headphones 57,JBL,44,49684
Earbuds 53,Sennheiser,9,12818
Speakers 44,Shure,46,6177
Headphones 26,Audio-Technica,84,47847
Microphone 83,Audio-Technica,15,27088
Turntable 66,Bose,68,43544
Speakers 16,Beats,44,41788
Headphones 58,Beats,81,3755
Speakers 36,Marshall,7,29676
Wireless Headphones 54,Shure,60,26420
Subwoofer 95,Bose,32,48839
Microphone 88,Marshall,56,5577
Turntable 87,JBL,76,49563
Turntable 97,Audio-Technica,46,24306
Turntable 52,Bose,67,23321
Earbuds 18,Shure,63,15484
Subwoofer 15,Sennheiser,37,40665
Wireless Headphones 46,Sennheiser,99,46584
Microphone 69,Marshall,29,17292
Headphones 91,Sennheiser,60,12198
Wireless Headphones 22,Bose,8,35982
Earbuds 69,Sony,92,25785
Turntable 63,Marshall,37,32176
Wireless Headphones 21,Marshall,14,29582
Amplifier 77,Sennheiser,74,27784
Amplifier 73,Sennheiser,2,11236
Microphone 4,Bang & Olufsen,90,43572
Amplifier 79,Bose,71,12778
Turntable 65,Sennheiser,96,33742
Wireless Headphones 57,Bose,25,45881
Speakers 50,Audio-Technica,71,18426
Speakers 3,Marshall,38,17009
Headphones 79,Sony,29,46483
Turntable 39,Marshall,71,16590
Speakers 68,Beats,74,19773
Subwoofer 28,Shure,31,13495
Earbuds 98,Bang & Olufsen,83,17574
Speakers 12,Audio-Technica,63,2136
Turntable 96,Shure,76,2411
Soundbar 55,Marshall,97,42025
Speakers 66,Shure,93,10046
Headphones 7,Marshall,91,11497
Microphone 77,Bang & Olufsen,38,18155
Microphone 59,JBL,83,36042
Wireless Headphones 86,Bose,39,21179
Earbuds 8,Sennheiser,43,3915
Amplifier 31,Sony,60,28836
Subwoofer 43,Shure,40,5434
Amplifier 59,Pioneer,89,9100
Headphones 84,Bang & Olufsen,44,4406
Soundbar 37,Sennheiser,39,19880
Subwoofer 47,Bang & Olufsen,5,25034
Earbuds 24,Shure,23,39086
Amplifier 99,Shure,18,19016
Bluetooth Speaker 39,Sennheiser,9,25056
Bluetooth Speaker 51,Bang & Olufsen,73,37676
Bluetooth Speaker 74,Bang & Olufsen,94,42809
Soundbar 55,Shure,5,25899
Microphone 47,Pioneer,37,20092
Amplifier 72,Marshall,84,6291
Bluetooth Speaker 69,Pioneer,24,17880
Microphone 45,Beats,72,9835
Headphones 34,Bose,38,8322
Turntable 77,Sennheiser,57,49515
Microphone 25,Sennheiser,9,13693
Soundbar 34,Sony,48,5450
Microphone 17,Pioneer,88,45426
Speakers 19,Bang & Olufsen,67,22961
Wireless Headphones 91,Audio-Technica,89,12528
Soundbar 84,Beats,28,5842
Subwoofer 32,Sennheiser,25,17373
Speakers 85,Beats,15,3485
Soundbar 84,Sennheiser,27,22653
Speakers 34,JBL,99,46674
Speakers 31,Sony,18,16281
Amplifier 20,Bose,36,15380
Soundbar 64,Audio-Technica,89,22537
Bluetooth Speaker 66,Sennheiser,89,8152
Turntable 30,Pioneer,78,27543
Amplifier 94,Marshall,55,32646
Headphones 48,Bose,54,22987
Earbuds 26,JBL,95,7572
Amplifier 27,Beats,21,43420
Earbuds 14,Shure,98,30523
Earbuds 2,Audio-Technica,93,26756
Bluetooth Speaker 38,Bose,70,21381
Amplifier 87,Sony,43,44678
Turntable 72,Marshall,64,37284
Earbuds 62,Pioneer,83,32757
Amplifier 29,Shure,56,19900
Speakers 18,Beats,100,17732
Wireless Headphones 94,Sennheiser,75,15532
Earbuds 94,Shure,16,17413
Speakers 71,JBL,75,11282
Turntable 69,Pioneer,11,48215
Wireless Headphones 75,Shure,61,45513
Subwoofer 23,Bose,8,29048
Soundbar 27,Marshall,6,15742
Microphone 66,Marshall,47,27471
Earbuds 27,Pioneer,5,22453
Earbuds 11,Shure,57,24427
Wireless Headphones 51,Sennheiser,21,19252
Speakers 54,Beats,53,42646
Speakers 86,Sony,71,12088
Headphones 99,Bang & Olufsen,13,39330
Subwoofer 81,Sony,64,15671
Subwoofer 23,Beats,65,26227
Headphones 43,JBL,36,29333
Amplifier 50,Sony,93,11353
Earbuds 4,Bose,5,42427
Amplifier 81,Pioneer,85,4768
Amplifier 93,Sony,45,44666
Subwoofer 56,Sony,21,24462
Amplifier 51,Beats,52,31658
Headphones 35,Marshall,63,8154
Turntable 16,Audio-Technica,94,17214
Microphone 45,Sennheiser,55,47382
Microphone 22,Sennheiser,49,44406
Earbuds 44,Shure,43,35387
Wireless Headphones 40,Beats,6,26284
Soundbar 10,Sennheiser,7,22659
Subwoofer 97,JBL,49,40299
Earbuds 80,Audio-Technica,40,2912
Soundbar 4,Marshall,9,36172
Turntable 33,Shure,89,39414
Subwoofer 42,JBL,69,43416
Earbuds 90,Bose,44,36688
Speakers 10,Beats,19,19869
Wireless Headphones 54,Audio-Technica,23,42535
Bluetooth Speaker 67,Beats,32,33956
Bluetooth Speaker 43,Marshall,40,35302
Speakers 25,Shure,48,26712
Earbuds 29,JBL,19,16199
Amplifier 72,JBL,10,37129
Soundbar 95,Audio-Technica,6,25058
Headphones 36,Sennheiser,77,31347
Headphones 0,Beats,84,29747
Speakers 22,JBL,27,21321
Earbuds 20,Sony,6,46906
Wireless Headphones 33,Shure,22,31742
Earbuds 87,Marshall,68,28006
Microphone 13,JBL,90,10331
Headphones 20,Bose,1,2821
Wireless Headphones 66,Beats,82,12487
Bluetooth Speaker 86,JBL,25,3577
Amplifier 61,Beats,48,49836
Headphones 26,Pioneer,52,43424
Subwoofer 54,Sony,17,19732
Amplifier 8,Bang & Olufsen,13,25081
Soundbar 57,Beats,50,32913
Microphone 70,Bang & Olufsen,5,16532
Bluetooth Speaker 76,Sony,25,44099
Soundbar 60,Beats,50,43593
Bluetooth Speaker 53,Shure,34,30753
Speakers 62,Pioneer,56,24814
Wireless Headphones 26,Audio-Technica,80,29972
Bluetooth Speaker 81,Marshall,67,38193
Microphone 38,Pioneer,2,12161
Microphone 32,Beats,80,49767
Earbuds 82,Bang & Olufsen,49,45012
Earbuds 12,Pioneer,77,15272
Wireless Headphones 80,Marshall,62,48319
Soundbar 84,Shure,98,25393
Wireless Headphones 32,Sennheiser,45,3469
Turntable 34,Beats,94,35841
Turntable 47,Shure,29,8386
Headphones 11,Beats,59,37450
Subwoofer 3,Sennheiser,61,10949
Soundbar 97,Marshall,39,46128
Bluetooth Speaker 94,Pioneer,79,21922
Headphones 15,Marshall,14,15067
Amplifier 40,Pioneer,79,36150
Bluetooth Speaker 88,Shure,66,22049
Subwoofer 2,Bang & Olufsen,5,40241
Microphone 83,Marshall,29,32330
Microphone 25,JBL,46,44921
Subwoofer 82,JBL,70,48694
Bluetooth Speaker 59,Audio-Technica,21,43237
Soundbar 63,Bose,29,31242
Subwoofer 59,Marshall,76,22468
Bluetooth Speaker 52,Marshall,15,4297
Microphone 61,Beats,62,25107
Soundbar 61,Audio-Technica,37,11900
Headphones 0,Sennheiser,3,12065
Subwoofer 54,Pioneer,2,43115
Subwoofer 62,Marshall,26,11663
Bluetooth Speaker 47,Bose,88,4507
Bluetooth Speaker 60,Bose,80,31371
Subwoofer 71,Marshall,66,31092
Bluetooth Speaker 20,Marshall,24,24618
Speakers 56,Sennheiser,71,37648
Earbuds 71,Audio-Technica,60,23878
Bluetooth Speaker 82,Marshall,50,37839
Wireless Headphones 75,Audio-Technica,12,42520
Headphones 30,Marshall,50,49381
Bluetooth Speaker 27,Audio-Technica,67,18069
Earbuds 98,JBL,39,8868
Subwoofer 17,Bose,72,29953
Soundbar 54,JBL,40,27880
Amplifier 60,Sony,51,37814
Soundbar 16,Bose,22,23098
Subwoofer 81,Marshall,47,35414
Microphone 71,Audio-Technica,9,43135
Speakers 86,Bose,98,27773
Headphones 20,Bose,55,9320
Microphone 46,Beats,94,42014
Wireless Headphones 69,Sennheiser,59,39858
Speakers 15,Bang & Olufsen,41,38540
Subwoofer 40,Shure,89,36768
Amplifier 12,Sennheiser,57,10992
Microphone 46,Shure,89,2911
Soundbar 90,Beats,50,30433
Headphones 40,Sennheiser,13,5405
Amplifier 86,Bose,89,35723
Headphones 12,Bose,28,44575
Subwoofer 8,Bang & Olufsen,61,22684
Speakers 2,Sennheiser,21,13836
Earbuds 84,Bang & Olufsen,28,10062
Subwoofer 39,Pioneer,82,41546
Speakers 62,Sony,3,15254
Bluetooth Speaker 3,Bose,74,14416
Amplifier 43,Marshall,65,9889
Microphone 46,Sennheiser,33,15992
Turntable 16,Sennheiser,68,32729
Microphone 97,Sennheiser,55,10025
Earbuds 40,Shure,86,7033
Turntable 64,Pioneer,59,41804
Soundbar 52,Beats,31,6763
Microphone 48,Marshall,10,6943
Turntable 53,Marshall,55,41614
Headphones 63,Sony,80,32549
Soundbar 43,Bose,51,27050
Soundbar 83,Bose,82,25195
Speakers 23,Marshall,85,21376
Soundbar 28,Bang & Olufsen,86,48774
Soundbar 54,Pioneer,96,32033
Bluetooth Speaker 96,Shure,54,17289
Amplifier 41,JBL,65,43815
Bluetooth Speaker 59,Pioneer,98,48735
Microphone 48,Sony,43,32850
Bluetooth Speaker 56,Bose,8,33176
Speakers 2,Shure,75,10698
Wireless Headphones 32,Sennheiser,17,7044
Turntable 69,Bose,52,34703
Bluetooth Speaker 89,Pioneer,70,38423
Earbuds 15,Sony,27,37338
Bluetooth Speaker 8,Marshall,88,17411
Amplifier 31,Bose,79,23056
Amplifier 98,Pioneer,15,34470
Microphone 19,Sony,94,12857
Amplifier 66,Audio-Technica,35,27268
Subwoofer 1,Sony,40,38474
Turntable 76,Marshall,62,14965
Soundbar 44,Pioneer,66,8852
Amplifier 69,Bang & Olufsen,2,32686
Subwoofer 62,Sennheiser,36,32893
Earbuds 3,Audio-Technica,59,8400
Earbuds 23,JBL,1,21662
Amplifier 34,JBL,86,44088
Soundbar 18,Sony,48,41814
Soundbar 5,Audio-Technica,15,23793
Headphones 44,Bang & Olufsen,8,10747
Earbuds 83,Bang & Olufsen,85,30777
Amplifier 4,JBL,48,8270
Speakers 76,Bang & Olufsen,74,10956
Turntable 8,JBL,92,34479
Earbuds 90,JBL,93,19619
Earbuds 60,Pioneer,60,12555
Earbuds 15,Bose,25,34820
Speakers 12,Sennheiser,29,12504
Headphones 61,Bose,30,10348
Speakers 88,Audio-Technica,20,26485
Turntable 94,JBL,89,46701
Wireless Headphones 51,Sony,39,46185
Microphone 84,JBL,36,22990
Turntable 52,Audio-Technica,29,45746
Earbuds 70,JBL,79,18991
Earbuds 60,Pioneer,47,27289
Microphone 25,Bang & Olufsen,98,9838
Earbuds 54,Audio-Technica,22,45024
Subwoofer 16,Audio-Technica,54,2448
Earbuds 51,Beats,44,15623
Soundbar 56,Beats,65,17383
Soundbar 59,Beats,24,46557
Headphones 95,Bose,88,21344
Turntable 82,Pioneer,86,39580
Headphones 31,Sony,70,28447
Bluetooth Speaker 64,Shure,14,39649
Earbuds 21,Sennheiser,38,43311
Subwoofer 23,Bose,27,29499
Amplifier 20,Sennheiser,51,21278
Bluetooth Speaker 2,Shure,30,23454
Turntable 92,Audio-Technica,17,5491
Soundbar 21,Bang & Olufsen,17,7120
Bluetooth Speaker 70,Beats,70,20411
Wireless Headphones 46,Bose,84,32888
Turntable 29,Beats,50,21396
Headphones 24,Bose,77,9570
Soundbar 18,Shure,47,43930
Wireless Headphones 12,JBL,58,3546
Soundbar 30,Pioneer,70,38165
Bluetooth Speaker 6,Bose,78,3967
Turntable 39,JBL,11,30463
Subwoofer 34,Shure,31,36810
Amplifier 9,Bang & Olufsen,32,19131
Microphone 64,Bose,41,33704
Bluetooth Speaker 86,JBL,31,2752
Subwoofer 33,Sony,78,18078
Subwoofer 52,Sony,40,31186
Wireless Headphones 74,Beats,37,12409
Headphones 91,Audio-Technica,15,10096
Turntable 92,Sony,64,41132
Subwoofer 62,Shure,60,45584
Soundbar 64,Bang & Olufsen,52,45310
Speakers 50,Audio-Technica,20,38539
Bluetooth Speaker 42,Sony,65,11970
Bluetooth Speaker 27,Bang & Olufsen,5,12690
Amplifier 1,Bang & Olufsen,10,29155
Subwoofer 70,Sennheiser,73,25621
Subwoofer 91,Marshall,17,37504
Speakers 64,Shure,13,48410
Microphone 94,Pioneer,42,34842
Amplifier 75,Bang & Olufsen,57,30645
Headphones 18,Bang & Olufsen,14,4377
Soundbar 93,Sennheiser,90,3659
Turntable 48,Sony,58,39216
Soundbar 64,Shure,39,23295
Turntable 22,JBL,37,37869
Turntable 40,Marshall,82,37426
Microphone 3,Shure,2,38224
Microphone 55,Bang & Olufsen,36,46224
Earbuds 98,Sony,75,2181
Microphone 84,Audio-Technica,58,3198
Speakers 68,Sony,38,41728
Amplifier 21,Sony,85,26372
Subwoofer 27,Bose,34,24554
Turntable 39,Sony,15,14042
Bluetooth Speaker 21,Sennheiser,86,11072
Soundbar 50,Sony,37,27775
Speakers 93,Audio-Technica,34,38076
Headphones 14,Bose,57,15883
Subwoofer 52,Shure,15,44443
Headphones 74,Sony,97,48901
Turntable 43,Bang & Olufsen,33,2569
Turntable 14,Beats,60,19474
Bluetooth Speaker 14,Sony,60,3579
Amplifier 47,Bang & Olufsen,88,30164
Bluetooth Speaker 65,Marshall,99,27410
Microphone 52,Audio-Technica,88,22819
Soundbar 54,Marshall,42,46237
Bluetooth Speaker 3,Marshall,63,42100
Wireless Headphones 71,JBL,64,16589
Wireless Headphones 82,Audio-Technica,2,15993
Speakers 75,Bose,21,20515
Microphone 10,Pioneer,65,9596
Amplifier 48,Beats,95,20364
Speakers 49,Shure,48,23767
Amplifier 30,Marshall,44,2447
Soundbar 96,Marshall,72,49713
Soundbar 23,Pioneer,77,47187
Earbuds 84,JBL,83,39850
Speakers 9,Sennheiser,5,48561
Subwoofer 53,Bose,7,21915
Soundbar 43,Shure,58,2640
Speakers 78,JBL,56,35334
Soundbar 33,Marshall,39,32778
Speakers 54,Shure,44,20519
Soundbar 11,Audio-Technica,31,20399
Wireless Headphones 55,Bang & Olufsen,72,6370
Microphone 82,Bang & Olufsen,28,37955
Soundbar 73,Marshall,7,41487
Turntable 77,Marshall,49,19102
Microphone 93,Bang & Olufsen,65,24491
Amplifier 75,Bose,75,4547
Speakers 25,Pioneer,86,11801
Headphones 48,JBL,3,30562
Turntable 46,Sony,26,14858
Bluetooth Speaker 52,Bose,70,12063
Speakers 80,Audio-Technica,67,31583
Amplifier 80,Beats,28,23720
Bluetooth Speaker 56,Pioneer,24,31961
Amplifier 37,JBL,29,48739
Turntable 33,Bose,40,18879
Wireless Headphones 27,Beats,84,10381
Wireless Headphones 89,Beats,91,48861
Earbuds 77,JBL,20,9520
Amplifier 29,Audio-Technica,94,47819
Bluetooth Speaker 18,Sony,25,48696
Headphones 40,Bang & Olufsen,11,39251
Soundbar 78,Beats,47,9621
Turntable 75,Bang & Olufsen,37,14357
Bluetooth Speaker 34,Bang & Olufsen,38,26831
Bluetooth Speaker 76,JBL,48,29569
Turntable 29,Pioneer,57,24518
Bluetooth Speaker 49,Marshall,4,23488
Speakers 69,Beats,95,3612
Microphone 84,JBL,2,36953
Soundbar 37,Sennheiser,29,38978
Wireless Headphones 35,Audio-Technica,52,27145
Turntable 49,Shure,76,15490
Microphone 70,Shure,30,6784
Bluetooth Speaker 31,Sennheiser,21,27820
Wireless Headphones 46,JBL,36,42531
Turntable 12,Bose,84,43806
Bluetooth Speaker 45,Beats,17,15691
Microphone 58,Shure,70,41047
Bluetooth Speaker 5,Bang & Olufsen,36,26793
Wireless Headphones 70,Beats,73,39207
Wireless Headphones 61,Audio-Technica,39,18718
Amplifier 80,Shure,28,40428
Soundbar 15,Sony,28,17484
Wireless Headphones 71,Audio-Technica,47,27211
Headphones 36,Marshall,20,23013
Turntable 36,Bang & Olufsen,48,24988
Speakers 18,Pioneer,44,15651
Earbuds 72,Audio-Technica,86,14534
Bluetooth Speaker 0,Beats,80,33258
Earbuds 41,Pioneer,3,44627
Subwoofer 33,JBL,48,8906
Speakers 30,Audio-Technica,81,23998
Turntable 1,Bang & Olufsen,77,3653
Earbuds 77,Sennheiser,27,23833
Earbuds 97,Bang & Olufsen,86,10167
Subwoofer 23,Sennheiser,45,47698
Bluetooth Speaker 6,Pioneer,1,25269
Subwoofer 65,Bose,53,45499
Headphones 10,Bose,36,4945
Bluetooth Speaker 14,Pioneer,3,33455
Headphones 5,Sennheiser,78,40518
Speakers 37,Beats,58,22747
Earbuds 28,Bang & Olufsen,61,19402
Subwoofer 98,JBL,15,19373
Bluetooth Speaker 54,Marshall,70,41781
Speakers 92,Bang & Olufsen,72,39050
Headphones 9,Sony,29,6121
Headphones 18,Marshall,78,3546
Headphones 1,Sony,73,10639
Subwoofer 65,Sony,31,16245
Speakers 98,Marshall,40,29167
Wireless Headphones 35,Bose,75,5932
Bluetooth Speaker 42,JBL,18,30783
Soundbar 40,Bose,9,31271
Headphones 54,Beats,89,35019
Soundbar 11,Pioneer,97,8515
Wireless Headphones 59,Pioneer,77,6112
Subwoofer 93,JBL,59,48910
Subwoofer 80,Beats,83,17858
Microphone 94,JBL,72,27753
Bluetooth Speaker 50,Audio-Technica,19,9426
Bluetooth Speaker 16,Bang & Olufsen,11,2848
Headphones 17,Audio-Technica,48,16953
Turntable 79,Beats,31,28045
Turntable 5,JBL,69,43481
Turntable 38,Beats,7,7803
Earbuds 46,Bose,11,27151
Speakers 66,Beats,34,20938
Amplifier 49,Marshall,27,32964
Speakers 15,Sony,96,28006
Headphones 12,JBL,39,2156
Microphone 41,Bang & Olufsen,90,29534
Amplifier 49,Bang & Olufsen,61,27926
Wireless Headphones 9,Pioneer,32,13051
Subwoofer 69,Bose,47,12401
Turntable 49,Marshall,37,35675
Earbuds 84,Shure,99,26760
Speakers 81,Sennheiser,85,4629
Soundbar 19,Marshall,5,11173
Wireless Headphones 43,Beats,56,2436
Turntable 29,Audio-Technica,1,3181
Speakers 25,Pioneer,15,17042
Speakers 72,Shure,31,7431
Headphones 44,Marshall,76,38861
Earbuds 35,Pioneer,39,5784
Headphones 34,Beats,57,36196
Soundbar 32,Marshall,30,24175
Subwoofer 30,Bose,48,4290
Turntable 42,Sony,27,15717
Microphone 88,Bose,9,26867
Subwoofer 28,Bang & Olufsen,9,18312
Subwoofer 80,Beats,31,5432
Speakers 49,Sony,30,17793
Wireless Headphones 96,Bang & Olufsen,70,14768
Earbuds 65,Bose,14,7894
Turntable 42,Sennheiser,29,42075
Turntable 35,Pioneer,14,39988
Amplifier 93,JBL,92,45817
Soundbar 46,Beats,84,15993
Amplifier 22,Sennheiser,49,7740
Wireless Headphones 64,Shure,69,41015
Wireless Headphones 56,Sony,71,17471
Amplifier 71,Bang & Olufsen,68,24204
Turntable 78,Marshall,34,11591
Amplifier 53,JBL,95,14818
Headphones 11,JBL,11,28604
Turntable 97,Bose,87,34725
Microphone 19,Bose,14,13189
Wireless Headphones 16,Marshall,9,20984
Wireless Headphones 26,Beats,96,48253
Headphones 55,Shure,65,17744
Amplifier 47,Beats,41,15626
Amplifier 42,Beats,41,37975
Earbuds 9,Sennheiser,90,36806
Wireless Headphones 79,JBL,4,40658
Earbuds 36,Sony,82,38337
Microphone 19,Shure,70,7836
Microphone 96,Beats,53,35976
Soundbar 94,Shure,16,22326
Headphones 26,Marshall,76,7555
Speakers 20,JBL,42,31285
Turntable 16,Beats,83,15622
Headphones 42,Bose,70,21566
Headphones 99,Marshall,83,44421
Amplifier 71,Bose,96,40223
Turntable 30,Sony,62,41645
Bluetooth Speaker 74,Shure,9,43272
Wireless Headphones 89,Sony,70,30532
Microphone 52,JBL,33,30603
Microphone 95,Pioneer,41,38835
Bluetooth Speaker 28,Pioneer,65,45362
Amplifier 24,Sony,94,36837
Earbuds 25,JBL,51,29908
Headphones 29,Shure,27,46449
Earbuds 52,Marshall,100,17360
Amplifier 94,Shure,89,11846
Subwoofer 61,Bang & Olufsen,95,13489
Wireless Headphones 5,Bang & Olufsen,21,12630
Bluetooth Speaker 33,JBL,55,35510
Turntable 8,Audio-Technica,38,17636
Wireless Headphones 62,Audio-Technica,76,14815
Wireless Headphones 86,Marshall,13,43740
Bluetooth Speaker 69,Sennheiser,81,27330
Microphone 63,Audio-Technica,13,4178
Bluetooth Speaker 20,Bose,68,37073
Wireless Headphones 61,Beats,51,6120
Amplifier 42,Bose,14,3796
Speakers 40,Sennheiser,43,17907
Speakers 26,Beats,28,23294
Turntable 19,Audio-Technica,79,44999
Bluetooth Speaker 55,Pioneer,22,12409
Microphone 14,Audio-Technica,4,39967
Subwoofer 95,Bang & Olufsen,49,47550
Subwoofer 1,Marshall,77,36682
Microphone 5,Shure,83,5024
Earbuds 79,Sennheiser,76,48539
Wireless Headphones 70,Bang & Olufsen,98,32524
Wireless Headphones 94,Sony,6,29377
Earbuds 6,Bose,2,13121
Subwoofer 21,Beats,51,17503
Earbuds 12,Sennheiser,5,35634
Bluetooth Speaker 0,Shure,76,20943
Soundbar 89,Bose,86,24379
Bluetooth Speaker 59,Sennheiser,81,26637
Bluetooth Speaker 7,Marshall,5,45705
Bluetooth Speaker 68,Bose,21,48073
Wireless Headphones 46,Bang & Olufsen,46,31701
Earbuds 91,Bang & Olufsen,99,30740
Amplifier 96,Marshall,30,40759
Subwoofer 63,Marshall,44,8109
Soundbar 81,Sennheiser,4,45823
Bluetooth Speaker 56,Pioneer,17,27910
Subwoofer 38,Pioneer,17,21001
Earbuds 19,Audio-Technica,73,20883
Wireless Headphones 65,JBL,8,4393
Earbuds 1,Sennheiser,81,34014
Bluetooth Speaker 62,Sony,35,36255
Earbuds 90,Shure,79,4250
Turntable 94,Bose,23,14607
Bluetooth Speaker 16,Bang & Olufsen,72,49292
Amplifier 4,JBL,76,5743
Turntable 63,Marshall,1,10702
Bluetooth Speaker 75,Bang & Olufsen,18,19646
Bluetooth Speaker 18,Bang & Olufsen,40,35637
Bluetooth Speaker 11,JBL,77,10577
Headphones 64,Bose,78,26484
Turntable 31,Sony,18,19528
Amplifier 15,Shure,62,14329
Subwoofer 21,Bose,11,24048
Subwoofer 88,Audio-Technica,18,21350
Bluetooth Speaker 3,Pioneer,68,41632
Amplifier 87,Marshall,54,6208
Soundbar 85,Bose,64,11157
Microphone 62,Sennheiser,34,22408
Headphones 65,Marshall,11,3867
Subwoofer 16,Shure,49,32526
Speakers 46,Bang & Olufsen,56,44968
Wireless Headphones 66,Beats,15,14436
Turntable 65,Marshall,83,13431
Bluetooth Speaker 91,Bang & Olufsen,43,42526
Speakers 62,Pioneer,33,5898
Amplifier 76,JBL,96,48229
Earbuds 17,JBL,30,42135
Turntable 70,Marshall,59,27542
Amplifier 0,Marshall,14,4424
Bluetooth Speaker 19,Pioneer,90,22952
Soundbar 36,JBL,14,48384
Headphones 95,Audio-Technica,88,7458
Microphone 17,Sony,2,15621
Wireless Headphones 8,Bose,14,38402
Earbuds 35,JBL,49,38739
Wireless Headphones 28,Audio-Technica,65,19146
Headphones 16,Marshall,23,47828
Amplifier 44,Sony,13,8938
Turntable 98,Shure,73,42081
Headphones 14,JBL,1,2885
Earbuds 37,Pioneer,94,27425
Bluetooth Speaker 96,Sennheiser,27,30977
Headphones 78,Pioneer,48,41601
Amplifier 52,Beats,73,14291
Wireless Headphones 20,Audio-Technica,15,15431
Speakers 80,Marshall,82,5578
Soundbar 69,Bang & Olufsen,16,17202
Turntable 10,Sony,91,48643
Headphones 66,Beats,52,34835
Bluetooth Speaker 99,Pioneer,86,21370
Subwoofer 44,Marshall,8,19496
Headphones 63,Sony,96,19523
Amplifier 78,Marshall,31,16818
Soundbar 23,Marshall,47,23332
Amplifier 53,Shure,50,18402
Soundbar 40,Marshall,41,26493
Speakers 25,JBL,33,42421
Turntable 84,Audio-Technica,79,49128
Headphones 20,JBL,10,31009
Amplifier 47,Pioneer,52,48296
Headphones 85,Audio-Technica,26,46457
Microphone 87,Shure,18,32815
Soundbar 45,JBL,32,12426
Subwoofer 16,Sony,83,9384
Soundbar 96,Pioneer,89,19206
Soundbar 42,JBL,35,10223
Turntable 16,Marshall,50,36060
Soundbar 23,Marshall,18,42933
Bluetooth Speaker 44,Audio-Technica,23,23748
Amplifier 54,JBL,5,48865
Subwoofer 41,JBL,61,12927
Turntable 46,JBL,42,32451
Speakers 40,Audio-Technica,92,39387
Speakers 53,Bose,72,31309
Turntable 87,Sony,81,4790
Wireless Headphones 26,Beats,92,32322
Microphone 34,Marshall,46,32886
Headphones 46,Sony,86,41826
Earbuds 42,Audio-Technica,9,8916
Headphones 6,Beats,100,20824
Bluetooth Speaker 77,Pioneer,94,2269
Speakers 75,Audio-Technica,78,11211
Soundbar 46,Beats,17,12249
Microphone 51,Pioneer,93,46295
Wireless Headphones 3,JBL,70,30278
Earbuds 90,JBL,16,33176
Amplifier 75,Pioneer,96,24799
Amplifier 12,Shure,34,6574
Speakers 90,Audio-Technica,85,31568
Bluetooth Speaker 32,Bose,91,36764
Microphone 76,JBL,18,36255
Wireless Headphones 22,Beats,3,22426
Headphones 99,Marshall,34,48122
Earbuds 23,JBL,68,11082
Soundbar 68,Shure,86,29616
Headphones 52,Sony,85,12879
Headphones 39,Pioneer,39,21229
Amplifier 48,Beats,7,47937
Speakers 67,Bang & Olufsen,97,20053
Subwoofer 85,JBL,7,16758
Turntable 7,Audio-Technica,82,42243
Soundbar 37,Marshall,61,14845
Earbuds 83,Audio-Technica,74,43643
Soundbar 75,Sennheiser,55,12353
Wireless Headphones 93,Shure,7,13941
Microphone 72,Bang & Olufsen,4,43726
Amplifier 26,Pioneer,38,17955
Microphone 96,Beats,77,24664
Bluetooth Speaker 45,Sennheiser,20,13737
Headphones 1,Beats,99,5570
Earbuds 12,Shure,4,7775
Subwoofer 67,Shure,84,38006
Headphones 94,Beats,78,3198
Headphones 9,Bang & Olufsen,87,14390
Microphone 42,Bose,11,43875
Wireless Headphones 57,Beats,83,17424
Turntable 1,Bose,10,26028
Turntable 17,Sony,46,36111
Wireless Headphones 62,Bang & Olufsen,21,44455
Microphone 22,Bang & Olufsen,89,47153
Wireless Headphones 80,Bang & Olufsen,4,47847
Subwoofer 87,Shure,100,36796
Amplifier 75,Bang & Olufsen,83,29098
Amplifier 56,Pioneer,66,10711
Subwoofer 91,Bang & Olufsen,48,3879
Amplifier 11,Bang & Olufsen,24,47598
Amplifier 17,Beats,19,11064
Subwoofer 87,Bang & Olufsen,2,40599
Earbuds 52,Audio-Technica,30,28261
Microphone 18,Sennheiser,70,29346
Headphones 66,Marshall,73,29358
Turntable 96,Bose,12,3391
Microphone 65,JBL,95,42601
Earbuds 76,Audio-Technica,3,24088
Amplifier 20,Sennheiser,11,33357
Wireless Headphones 63,Sony,21,18683
Turntable 68,Bang & Olufsen,78,45380
Amplifier 33,Shure,8,45855
Earbuds 78,Bang & Olufsen,57,47735
Earbuds 79,Sennheiser,86,36697
Turntable 96,Pioneer,54,25585
Microphone 7,Marshall,72,43949
Microphone 22,Marshall,97,32884
Headphones 69,Shure,76,34404
Headphones 86,JBL,100,29320
Wireless Headphones 53,Bose,8,34861
Turntable 97,Shure,16,16941
Speakers 33,Audio-Technica,87,5947
Headphones 88,Bose,17,41453
Amplifier 51,JBL,86,20751
Soundbar 82,Marshall,87,27174
Subwoofer 38,Beats,11,17232
Earbuds 64,Bose,41,17705
Speakers 10,Audio-Technica,15,7316
Bluetooth Speaker 38,JBL,62,15738
Turntable 49,Sennheiser,15,25690
Headphones 22,Marshall,47,39300
Microphone 19,Sony,82,30766
Earbuds 45,Marshall,80,19900
Turntable 62,Sennheiser,99,28180
Turntable 8,Sony,60,35678
Microphone 17,Shure,59,26468
Subwoofer 54,Sennheiser,68,42203
Wireless Headphones 62,Sennheiser,65,16277
Speakers 22,Sony,63,18977
Headphones 81,Beats,84,48905
Microphone 76,Bose,13,17577
Wireless Headphones 16,Bang & Olufsen,3,38851
Turntable 96,Shure,62,25763
Headphones 46,Sennheiser,11,6652
Earbuds 84,Pioneer,31,4687
Turntable 18,Pioneer,73,13950
Microphone 75,Beats,95,10543
Soundbar 46,Sony,12,9631
Headphones 5,Bose,19,42404
Soundbar 57,Audio-Technica,98,7612
Wireless Headphones 69,Beats,87,39410
Subwoofer 28,Beats,50,47856
Soundbar 91,Pioneer,69,44049
Subwoofer 55,Bose,46,26699
Speakers 96,Audio-Technica,5,27718
Microphone 59,Bang & Olufsen,54,40027
Turntable 40,JBL,53,10585
Earbuds 9,Audio-Technica,35,45727
Speakers 9,Beats,89,22450
Amplifier 72,Pioneer,96,17147
Speakers 85,Bose,61,39924
Headphones 52,Sennheiser,76,2308
Wireless Headphones 34,Sennheiser,11,16455
Wireless Headphones 91,JBL,23,19315
Amplifier 55,Sony,80,24318
Amplifier 31,Sony,15,10987
Bluetooth Speaker 98,Audio-Technica,26,28020
Speakers 57,JBL,59,38858
Amplifier 75,Bose,5,6625
Turntable 4,Beats,22,11889
Amplifier 6,Pioneer,80,15007
Soundbar 3,Pioneer,85,20893
Microphone 64,Bose,3,12333
Soundbar 61,Sony,34,46399
Speakers 37,Bang & Olufsen,7,22381
Wireless Headphones 50,Bose,27,39099
Turntable 17,Shure,33,10351
Subwoofer 15,Pioneer,48,21329
Bluetooth Speaker 26,Bang & Olufsen,60,43457
Headphones 72,Sony,25,30312
Soundbar 59,Bang & Olufsen,98,7647
Headphones 49,Bang & Olufsen,14,30089
Soundbar 22,Sennheiser,1,44434
Bluetooth Speaker 97,Sony,69,22823
Wireless Headphones 12,JBL,30,2377
Soundbar 82,Marshall,90,10826
Bluetooth Speaker 93,Bang & Olufsen,86,29248
Turntable 47,Bose,52,48646
Microphone 23,Beats,53,44814
Soundbar 81,Pioneer,33,31660
Subwoofer 4,Bang & Olufsen,8,25940
Microphone 33,Pioneer,43,16796
Bluetooth Speaker 27,Sennheiser,10,23269
Soundbar 90,JBL,47,12508
Bluetooth Speaker 69,Sony,4,41742
Microphone 95,JBL,1,19542
Bluetooth Speaker 67,Bang & Olufsen,24,40022
Headphones 32,Beats,35,27827
Bluetooth Speaker 40,JBL,79,25639
Subwoofer 45,Audio-Technica,42,16203
Soundbar 84,Pioneer,60,5575
Speakers 21,Marshall,66,38276
Bluetooth Speaker 9,JBL,44,43455
Microphone 45,Marshall,84,39029
Soundbar 63,Bang & Olufsen,10,39780
Microphone 2,Bose,61,2461
Bluetooth Speaker 8,JBL,61,33549
Headphones 74,Sennheiser,30,14376
Earbuds 70,JBL,29,30137
Wireless Headphones 36,Pioneer,24,14380
Headphones 65,Audio-Technica,64,30838
Amplifier 95,Sennheiser,63,9955
Bluetooth Speaker 22,Bang & Olufsen,83,33377
Subwoofer 31,Shure,11,28234
Soundbar 17,Pioneer,96,30311
Turntable 97,Pioneer,5,36426
Subwoofer 43,Shure,100,11934
Headphones 2,Audio-Technica,72,12206
Subwoofer 23,Bose,58,29403
Wireless Headphones 65,Bose,47,6398
Wireless Headphones 83,Beats,55,8509
Soundbar 96,Beats,94,19289
Amplifier 16,Shure,37,33058
Soundbar 98,Bose,7,37179
Speakers 1,Sennheiser,95,8957
Microphone 51,Bang & Olufsen,73,3207
Headphones 49,Beats,51,33421
Wireless Headphones 47,Sony,2,39526
Speakers 74,Bose,7,48806
Subwoofer 28,Bose,18,15260
Microphone 66,JBL,81,46169
Headphones 21,Pioneer,91,21970
Turntable 14,JBL,53,49445
Headphones 14,Bose,3,37390
Bluetooth Speaker 55,Shure,3,29253
Speakers 88,Bose,87,28383
Microphone 37,Audio-Technica,77,15068
Wireless Headphones 15,Beats,49,5145
Microphone 65,Shure,27,40347
Microphone 60,Pioneer,16,46796
Amplifier 34,Sennheiser,9,8245
Subwoofer 41,Shure,9,18774
Turntable 88,Sony,94,8143
Subwoofer 28,Bose,8,5644
Earbuds 5,Pioneer,54,48891
Microphone 46,Beats,81,28532
Headphones 72,Audio-Technica,68,23232
Speakers 86,JBL,5,36533
Soundbar 65,Sony,61,29686
Headphones 9,Marshall,28,22668
Earbuds 82,Marshall,51,28021
Earbuds 71,Audio-Technica,87,24172
Earbuds 41,Marshall,88,30605
Bluetooth Speaker 69,Audio-Technica,73,38701
Speakers 43,Bang & Olufsen,78,35510
Bluetooth Speaker 6,Shure,85,30428
Microphone 39,Bose,1,29734
Amplifier 18,Audio-Technica,10,8420
Subwoofer 59,Audio-Technica,99,29413
Subwoofer 43,Beats,73,32112
Subwoofer 55,Sony,38,41818
Turntable 51,Bose,4,39616
Wireless Headphones 5,Beats,66,19545
Amplifier 22,Marshall,3,34312
Speakers 58,Shure,36,15113
Wireless Headphones 15,Bang & Olufsen,55,22155
Wireless Headphones 73,Sony,55,10301
Bluetooth Speaker 36,Beats,61,27494
Headphones 75,Audio-Technica,41,6664
Speakers 21,Beats,97,19746
Microphone 39,Pioneer,98,6157
Subwoofer 55,Bang & Olufsen,86,31469
Microphone 67,Beats,23,30603
Subwoofer 35,Shure,71,27277
Amplifier 51,Bose,89,15224
Bluetooth Speaker 15,Beats,9,42752
Soundbar 53,Beats,18,46778
Amplifier 42,Shure,24,10931
Headphones 52,Pioneer,63,38793
Wireless Headphones 31,Beats,58,47178
Amplifier 90,Audio-Technica,7,36477
Speakers 41,Sennheiser,30,43841
Turntable 70,Bang & Olufsen,73,46608
Earbuds 35,Bose,44,44166
Speakers 87,Sony,64,8878
Bluetooth Speaker 40,Bose,55,10236
Amplifier 53,Pioneer,13,47314
Bluetooth Speaker 37,JBL,89,32664
Turntable 17,Marshall,45,38192
Headphones 76,Bang & Olufsen,98,8763
Subwoofer 20,Pioneer,85,11535
Speakers 2,Bang & Olufsen,42,30485
Headphones 90,Sony,76,49124
Speakers 65,Shure,54,9784
Turntable 60,Sony,71,31672
Soundbar 87,Shure,81,23681
Soundbar 25,Bang & Olufsen,73,6975
Subwoofer 7,Sennheiser,79,28059
Microphone 1,Sennheiser,54,7472
Soundbar 50,Shure,91,48916
Soundbar 32,JBL,29,10295
Amplifier 66,Bose,45,33243
Wireless Headphones 47,Bose,99,13245
Bluetooth Speaker 12,Marshall,12,13116
Earbuds 23,Pioneer,41,24722
Amplifier 34,Shure,6,16935
Soundbar 6,Shure,70,30481
Speakers 88,Sony,55,4598
Soundbar 1,Bose,99,13164
Turntable 71,Bang & Olufsen,17,14013
Speakers 99,Pioneer,55,46418
Wireless Headphones 34,Shure,59,7771
Microphone 70,JBL,28,10019
Earbuds 10,Bose,45,22726
Bluetooth Speaker 75,Marshall,78,6116
Amplifier 98,Sony,10,39545
Soundbar 31,Shure,78,22244
Subwoofer 65,Beats,43,6377
Wireless Headphones 3,Sony,95,37069
Headphones 52,Sennheiser,42,25231
Earbuds 39,Audio-Technica,34,15887
Wireless Headphones 17,Audio-Technica,25,15282
Headphones 75,Sony,36,16534
Soundbar 13,Bose,29,16881
Subwoofer 64,Sennheiser,98,42326
Earbuds 30,Shure,15,30624
Amplifier 52,JBL,67,8551
Headphones 80,Sennheiser,55,21872
Wireless Headphones 14,Beats,39,40115
Soundbar 19,Audio-Technica,64,12557
Amplifier 40,Beats,63,26564
Soundbar 16,Beats,95,35305
Microphone 72,Bose,2,20361
Amplifier 40,Bang & Olufsen,14,17993
Subwoofer 88,Shure,43,2754
Bluetooth Speaker 98,Pioneer,2,14502
Bluetooth Speaker 68,JBL,90,18851
Headphones 58,Marshall,62,49581
Amplifier 37,JBL,51,14465
Earbuds 95,Shure,37,22992
Soundbar 9,Marshall,34,16925
Speakers 14,Bang & Olufsen,80,27756
Bluetooth Speaker 73,Beats,61,7784
Wireless Headphones 15,Audio-Technica,33,48575
Soundbar 48,JBL,33,7391
Subwoofer 70,JBL,11,10793
Soundbar 33,Sennheiser,4,40747
Headphones 24,JBL,97,9744
Wireless Headphones 93,Sennheiser,23,36953
Soundbar 88,Bose,17,42927
Wireless Headphones 0,Bang & Olufsen,75,24089
Speakers 3,Pioneer,53,8405
Earbuds 64,Bang & Olufsen,3,15667
Soundbar 13,Bose,83,43937
Subwoofer 87,Shure,71,3566
Turntable 69,Beats,54,25356
Subwoofer 87,Beats,23,23851
Soundbar 47,Bang & Olufsen,96,30227
Earbuds 45,Shure,8,2142
Amplifier 10,Bose,39,29229
Subwoofer 32,Pioneer,68,49451
Subwoofer 83,Sony,44,48645
Wireless Headphones 2,Pioneer,98,14183
Earbuds 59,Bang & Olufsen,90,17800
Amplifier 27,Shure,55,15323
Earbuds 86,Bose,23,43346
Earbuds 71,Beats,65,37582
Subwoofer 34,Pioneer,63,34205
Earbuds 90,Bose,33,32605
Amplifier 94,Bang & Olufsen,87,42353
Amplifier 44,Bang & Olufsen,11,2367
Amplifier 84,Pioneer,19,21441
Soundbar 49,Sony,31,31463
Headphones 45,Sony,32,29009
Amplifier 45,JBL,17,16710
Earbuds 22,Pioneer,96,47684
Microphone 70,Marshall,39,45247
Wireless Headphones 19,Bang & Olufsen,23,46079
Headphones 33,Audio-Technica,58,17057
Soundbar 1,Marshall,34,5405
Amplifier 79,Audio-Technica,14,21411
Speakers 82,Shure,62,10924
Microphone 58,Audio-Technica,47,48420
Wireless Headphones 72,Beats,65,15419
Speakers 9,Bang & Olufsen,38,28641
Turntable 35,Beats,87,36223
Soundbar 14,Bang & Olufsen,53,8474
Bluetooth Speaker 88,Pioneer,26,43856
Speakers 53,Bose,16,22377
Microphone 34,Sony,48,31083
Wireless Headphones 42,Sony,36,30867
Amplifier 28,Sony,25,15826
Amplifier 6,Marshall,88,42137
Speakers 14,Marshall,80,19335
Headphones 35,Bose,92,18297
Microphone 70,Audio-Technica,49,13926
Subwoofer 50,JBL,65,38740
Soundbar 60,Audio-Technica,96,34273
Microphone 75,Marshall,11,37747
Wireless Headphones 31,Pioneer,84,20376
Turntable 83,Sony,48,45062
Speakers 31,Marshall,72,27004
Amplifier 23,Shure,31,45949
Headphones 18,JBL,29,9051
Amplifier 58,Sony,85,28179
Subwoofer 10,Pioneer,85,21280
Subwoofer 80,Beats,71,47963
Earbuds 8,Beats,15,23176
Microphone 34,Sony,33,38261
Earbuds 93,Sennheiser,56,30445
Headphones 21,Audio-Technica,28,40366
Microphone 88,JBL,16,3497
Amplifier 35,Bang & Olufsen,28,8740
Turntable 85,Bose,62,14941
Turntable 14,Marshall,25,8344
Speakers 38,Sony,43,6217
Bluetooth Speaker 86,Pioneer,74,4356
Turntable 99,JBL,31,49739
Wireless Headphones 10,Marshall,59,13047
Earbuds 43,Pioneer,47,16165
Soundbar 54,Beats,65,11652
Headphones 57,Bang & Olufsen,36,32921
Subwoofer 23,Bose,92,5487
Microphone 47,Sennheiser,6,42269
Bluetooth Speaker 93,Marshall,25,16294
Bluetooth Speaker 89,Bang & Olufsen,60,28483
Headphones 16,JBL,84,49641
Headphones 51,Bang & Olufsen,23,33611
Wireless Headphones 88,Sony,88,32106
Headphones 74,Beats,42,38642
Headphones 45,Sony,98,35370
Microphone 45,Sennheiser,24,12003
Turntable 25,Bang & Olufsen,41,41242
Microphone 64,Marshall,19,9770
Turntable 46,JBL,29,20725
Turntable 91,Bose,67,30388
Wireless Headphones 3,Sennheiser,53,6162
Soundbar 20,Bang & Olufsen,68,46685
Amplifier 98,Sennheiser,67,27515
Microphone 33,Beats,19,33706
Headphones 61,Pioneer,10,43284
Earbuds 21,Bang & Olufsen,31,16748
Headphones 22,Audio-Technica,91,12652
Soundbar 71,Shure,43,37167
Microphone 32,Sony,8,25040
Amplifier 11,JBL,15,17926
Speakers 18,JBL,6,5597
Earbuds 14,Bang & Olufsen,23,37522
Headphones 79,Bang & Olufsen,66,33453
Bluetooth Speaker 99,Shure,45,12322
Amplifier 73,Marshall,79,13455
Microphone 54,Shure,23,10811
Wireless Headphones 84,Sennheiser,17,46737
Earbuds 31,Shure,22,31067
Subwoofer 37,Audio-Technica,44,28897
Earbuds 10,Sony,34,15924
Amplifier 61,Bose,24,31346
Microphone 7,Bose,40,37606
Bluetooth Speaker 7,Audio-Technica,34,43414
Microphone 53,Sennheiser,28,41461
Soundbar 54,Shure,15,46239
Speakers 93,Pioneer,25,17505
Subwoofer 72,Sennheiser,86,21430
Subwoofer 1,JBL,36,29641
Wireless Headphones 65,Sennheiser,62,36791
Microphone 22,Shure,6,38556
Turntable 97,Shure,55,35685
Bluetooth Speaker 66,JBL,37,41640
Headphones 60,Bose,86,40100
Turntable 39,Pioneer,56,15308
Earbuds 41,Sony,76,41559
Bluetooth Speaker 67,Bang & Olufsen,100,33511
Wireless Headphones 18,JBL,40,12280
Wireless Headphones 11,Beats,17,17719
Microphone 12,Beats,58,38473
Subwoofer 41,Marshall,71,31766
Soundbar 23,JBL,83,25029
Subwoofer 87,Shure,23,8440
Bluetooth Speaker 46,Audio-Technica,2,25347
Wireless Headphones 66,Bose,49,31188
Microphone 51,Shure,64,29688
Speakers 68,Pioneer,47,15963
Turntable 34,Marshall,76,7293
Subwoofer 17,Beats,85,34554
Microphone 69,Sony,100,35637
Amplifier 60,Bose,97,20688
Bluetooth Speaker 96,Sennheiser,16,31466
Soundbar 81,Audio-Technica,61,25319
Bluetooth Speaker 37,Sony,21,16705
Soundbar 2,Marshall,67,47055
Headphones 33,Sennheiser,67,23289
Wireless Headphones 95,Bang & Olufsen,52,15505
Wireless Headphones 46,Shure,22,11027
Subwoofer 63,Beats,7,9862
Bluetooth Speaker 45,Bose,15,37202
Wireless Headphones 66,Bang & Olufsen,36,44167
Headphones 63,Sennheiser,54,3953
Turntable 17,Pioneer,71,4884
Amplifier 93,Bose,88,47904
Bluetooth Speaker 94,JBL,36,48575
Bluetooth Speaker 58,Marshall,9,8048
Wireless Headphones 87,Pioneer,69,34728
Headphones 68,Marshall,79,24410
Earbuds 49,Pioneer,65,48592
Speakers 23,Bose,97,6606
Subwoofer 31,Marshall,80,26195
Earbuds 32,Shure,1,43102
Headphones 53,Bang & Olufsen,60,47986
Turntable 62,Sony,100,11216
Headphones 25,Beats,46,48621
Headphones 69,Pioneer,96,32595
Wireless Headphones 6,Audio-Technica,36,45772
Headphones 44,JBL,39,19535
Earbuds 33,Sony,47,35381
Turntable 16,Beats,22,19077
Headphones 52,Sennheiser,89,16108
Bluetooth Speaker 60,JBL,51,37800
Turntable 20,Pioneer,94,4171
Headphones 19,Beats,83,43572
Microphone 17,Shure,66,46684
Soundbar 66,Beats,80,28053
Earbuds 88,Pioneer,71,11171
Turntable 79,Bose,30,49724
Bluetooth Speaker 79,Marshall,47,12021
Wireless Headphones 2,Pioneer,30,17526
Headphones 94,Sennheiser,39,5879
Earbuds 56,Marshall,17,28023
Speakers 9,Shure,96,7740
Turntable 47,Audio-Technica,37,33924
Subwoofer 9,Bose,4,46970
Earbuds 60,Sennheiser,1,44768
Speakers 20,Beats,74,20260
Earbuds 75,Shure,37,42522
Subwoofer 56,Bang & Olufsen,24,8944
Speakers 89,Sony,88,23712
Wireless Headphones 16,Sony,27,24418
Bluetooth Speaker 82,Pioneer,23,16082
Soundbar 80,Audio-Technica,17,28709
Microphone 84,Bang & Olufsen,28,31782
Headphones 9,Bang & Olufsen,6,48977
Subwoofer 3,Sony,68,11342
Headphones 77,Marshall,75,28525
Headphones 16,Shure,50,17540
Amplifier 57,Marshall,64,45297
Microphone 48,Sony,2,43887
Speakers 92,Pioneer,46,22365
Bluetooth Speaker 93,Bose,46,49436
Microphone 3,Beats,76,22095
Soundbar 66,Audio-Technica,22,20923
Turntable 80,Sennheiser,47,20756
Earbuds 27,Pioneer,79,5509
Amplifier 30,Marshall,18,45038
Subwoofer 45,JBL,45,18695
Speakers 37,Sony,34,29812
Soundbar 87,Beats,47,8021
Speakers 23,Audio-Technica,22,3913
Soundbar 21,Bose,63,31152
Bluetooth Speaker 81,JBL,62,42218
Microphone 63,Pioneer,83,31214
Microphone 49,Audio-Technica,47,30797
Bluetooth Speaker 48,Bang & Olufsen,67,34677
Subwoofer 49,Bang & Olufsen,46,27189
Earbuds 67,Shure,61,30375
Soundbar 36,Sennheiser,57,41289
Headphones 66,Audio-Technica,59,32345
Speakers 27,Shure,17,30565
Bluetooth Speaker 92,Shure,66,30724
Microphone 62,Marshall,54,7876
Soundbar 56,Shure,53,39033
Subwoofer 35,Marshall,100,13706
Subwoofer 50,Pioneer,84,32831
Headphones 43,Marshall,50,5112
Turntable 10,Sennheiser,26,25908
Wireless Headphones 24,Bose,34,23034
Turntable 38,Beats,10,3906
Earbuds 51,Sony,83,9050
Microphone 15,Marshall,59,28416
Soundbar 42,Bang & Olufsen,84,42245
Bluetooth Speaker 76,Sony,3,29664
Bluetooth Speaker 30,Sennheiser,12,15949
Headphones 45,Marshall,52,27177
Microphone 46,Pioneer,48,26937
Headphones 51,Sennheiser,46,30944
Subwoofer 18,Pioneer,64,35061
Subwoofer 11,JBL,52,7247
Earbuds 66,Bang & Olufsen,58,22209
Earbuds 58,Sony,70,33065
Speakers 45,Shure,11,39729
Wireless Headphones 27,Bose,44,3051
Earbuds 12,JBL,22,32373
Subwoofer 13,Sennheiser,6,25218
Headphones 34,Marshall,57,33599
Amplifier 72,Beats,43,45901
Turntable 94,Bang & Olufsen,57,24502
Microphone 86,Sennheiser,68,11918
Bluetooth Speaker 35,Bang & Olufsen,28,44502
Amplifier 28,Beats,71,33271
Microphone 79,Pioneer,50,9307
Microphone 10,Sennheiser,11,40265
Subwoofer 51,Shure,49,48750
Wireless Headphones 97,Audio-Technica,78,36938
Wireless Headphones 80,Audio-Technica,29,6204
Bluetooth Speaker 48,Beats,48,33136
Speakers 16,Audio-Technica,10,32581
Headphones 73,Pioneer,15,34338
Speakers 20,JBL,84,28952
Subwoofer 99,Beats,9,4402
Turntable 48,Marshall,71,15310
Subwoofer 23,Bang & Olufsen,37,17316
Microphone 63,Beats,89,24662
Headphones 49,Audio-Technica,61,42532
Subwoofer 72,Shure,15,14507
Earbuds 43,Bang & Olufsen,74,22816
Amplifier 16,Bose,96,29304
Turntable 68,Shure,20,7374
Earbuds 95,Sony,13,43034
Turntable 7,Sony,89,43299
Headphones 99,JBL,81,37924
Earbuds 69,Bose,28,14172
Soundbar 75,Audio-Technica,28,2398
Earbuds 21,Sennheiser,77,49647
Earbuds 83,Shure,75,34400
Headphones 72,Sennheiser,18,25256
Speakers 73,Sony,64,23819
Earbuds 13,Bang & Olufsen,43,38140
Microphone 35,Marshall,81,21991
Amplifier 34,Bose,10,46594
Amplifier 23,JBL,95,37127
Bluetooth Speaker 55,Bose,79,43926
Soundbar 51,Sennheiser,85,25751
Headphones 27,Beats,57,44837
Headphones 57,Sennheiser,1,20173
Earbuds 33,Shure,28,32601
Microphone 94,Beats,12,10892
Wireless Headphones 11,Sennheiser,12,21137
Headphones 44,Audio-Technica,28,48504
Amplifier 30,Sony,14,14134
Microphone 63,Sony,20,5018
Turntable 97,Bose,47,40253
Headphones 33,JBL,45,12278
Speakers 78,Shure,88,38243
Soundbar 70,Pioneer,17,41569
Subwoofer 68,Audio-Technica,69,46974
Bluetooth Speaker 55,Sony,19,27555
Subwoofer 88,Shure,63,8120
Amplifier 45,Audio-Technica,67,46706
Speakers 65,Marshall,7,27608
Wireless Headphones 93,Bose,37,42039
Speakers 48,JBL,93,5041
Soundbar 72,Pioneer,61,3967
Bluetooth Speaker 10,Shure,40,31155
Headphones 50,Pioneer,68,36259
Earbuds 34,Shure,96,15805
Microphone 94,Marshall,59,36542
Wireless Headphones 64,Audio-Technica,34,20577
Earbuds 93,JBL,30,29049
Amplifier 19,Sennheiser,78,17762
Subwoofer 53,Audio-Technica,42,20266
Headphones 69,Beats,64,38677
Turntable 25,Bang & Olufsen,15,6686
Speakers 33,Bang & Olufsen,2,10140
Subwoofer 65,Sennheiser,6,37417
Microphone 62,Sennheiser,49,30031
Headphones 39,Shure,42,20794
Bluetooth Speaker 99,Beats,62,34937
Turntable 2,Marshall,60,16594
Microphone 52,JBL,5,18930
Microphone 31,Bose,7,40987
Soundbar 64,Shure,4,30304
Amplifier 0,Beats,14,23766
Amplifier 82,Marshall,91,15124
Soundbar 42,Marshall,24,39676
Bluetooth Speaker 10,JBL,36,16093
Bluetooth Speaker 64,Sony,40,2435
Earbuds 17,Shure,65,34507
Wireless Headphones 1,Pioneer,46,22692
Turntable 58,Pioneer,91,37637
